Query,Response,Category
What is artificial intelligence (AI)?,Artificial intelligence (AI) refers to the simulation of human intelligence in machines that are programmed to think and learn like humans.,Technology
How does facial recognition technology work?,Facial recognition technology works by analyzing and identifying unique facial features in images or videos to match and verify an individual's identity.,Technology
What is the Internet of Things (IoT)?,The Internet of Things (IoT) is a network of interconnected devices and objects that can communicate and exchange data with each other over the internet.,Technology
How does virtual reality (VR) work?,"Virtual reality (VR) uses computer technology to create immersive, 3D environments that can be explored and interacted with using specialized headsets and devices.",Technology
What is blockchain technology?,"Blockchain technology is a decentralized and secure digital ledger system that records transactions across multiple computers, providing transparency and security.",Technology
How does voice recognition technology (like Siri or Alexa) understand human speech?,"Voice recognition technology uses natural language processing (NLP) algorithms to analyze and interpret spoken words, allowing it to understand and respond to human speech.",Technology
What are the basic principles of coding and programming?,"Coding and programming involve writing sets of instructions for computers to follow. Key principles include logic, algorithms, syntax, and data structures.",Technology
How do self-driving cars work?,"Self-driving cars use a combination of sensors, cameras, and machine learning algorithms to navigate and make driving decisions without human intervention.",Technology
What is 5G technology?,"5G technology is the fifth generation of mobile network technology, offering faster data speeds, lower latency, and improved connectivity for wireless devices.",Technology
How do smartphones use GPS technology for location tracking?,Smartphones use GPS (Global Positioning System) technology to determine their precise location by receiving signals from a network of satellites in space.,Technology
What is cloud computing?,Cloud computing is a technology that allows users to access and store data and run applications over the internet instead of on local hardware.,Technology
How do biometric authentication systems (like fingerprint scanners) work?,"Biometric authentication systems use unique physical or behavioral characteristics, such as fingerprints, to verify a person's identity for security purposes.",Technology
What is quantum computing?,Quantum computing is a type of computing that leverages the principles of quantum mechanics to perform complex calculations at significantly faster speeds than classical computers.,Technology
How does augmented reality (AR) differ from virtual reality (VR)?,"Augmented reality (AR) overlays digital information onto the real world, while virtual reality (VR) creates entirely immersive digital environments.",Technology
How are data breaches and cyberattacks prevented?,"Preventing data breaches and cyberattacks involves measures such as encryption, firewalls, regular security audits, and user awareness training.",Technology
What is the role of artificial intelligence in healthcare?,"Artificial intelligence in healthcare can assist in diagnosing diseases, analyzing medical data, and improving patient care through data-driven insights and automation.",Technology
How do e-commerce websites ensure the security of online transactions?,"E-commerce websites use encryption, secure payment gateways, and secure sockets layer (SSL) certificates to protect the security of online transactions.",Technology
What is the role of big data in business analytics?,"Big data is used in business analytics to analyze large and complex data sets, extract insights, and make data-driven decisions to improve business operations and strategies.",Technology
How do search engines like Google rank and prioritize search results?,"Search engines use algorithms that consider various factors such as relevance, keywords, website quality, and user behavior to rank and prioritize search results.",Technology
What are the ethical implications of artificial intelligence and automation?,"The ethical implications of AI and automation include issues related to privacy, job displacement, bias in algorithms, and the responsible use of technology.",Technology
What is the difference between baking and roasting?,"Baking and roasting are both dry-heat cooking methods, but baking is typically used for items like bread and pastries, while roasting is used for meats and vegetables.",Cooking
How do you make a classic spaghetti Bolognese?,"To make classic spaghetti Bolognese, you'll need ground beef, onions, garlic, tomatoes, tomato paste, and a variety of herbs and spices. Brown the beef, sauté the onions and garlic, add the tomatoes and seasonings, and simmer until the sauce thickens.",Cooking
What are the essential ingredients for making a perfect omelette?,"The essential ingredients for a perfect omelette include eggs, butter or oil for cooking, salt, and pepper. You can also add fillings like cheese, vegetables, or ham for extra flavor.",Cooking
What is the healthiest cooking oil to use?,Olive oil is often considered one of the healthiest cooking oils due to its high levels of monounsaturated fats and antioxidants. Other healthy options include canola oil and avocado oil.,Cooking
How can I make a homemade pizza from scratch?,"To make homemade pizza from scratch, you'll need pizza dough, tomato sauce, cheese, and your choice of toppings. Roll out the dough, spread the sauce, add cheese and toppings, then bake until the crust is golden.",Cooking
What is the key ingredient in traditional Japanese sushi?,"The key ingredient in traditional Japanese sushi is vinegared rice, known as ""shari"" or ""sumeshi."" It is typically combined with seafood, vegetables, and sometimes seaweed.",Cooking
How do you properly cook a steak to your desired level of doneness?,"To cook a steak to your desired level of doneness, use a meat thermometer to monitor the internal temperature. For example, medium-rare is around 135°F (57°C), while medium is around 145°F (63°C).",Cooking
"What are some common uses for herbs like basil, thyme, and rosemary in cooking?","Basil is often used in Italian dishes, thyme pairs well with roasted meats and vegetables, and rosemary adds flavor to poultry and lamb.",Cooking
How do you make a creamy and flavorful mashed potato dish?,"To make creamy mashed potatoes, boil peeled potatoes until tender, then mash them with butter, milk, and seasonings. Adding cream cheese or sour cream can make them even creamier and more flavorful.",Cooking
What are the different types of pasta and their ideal sauce pairings?,"There are many types of pasta, including spaghetti (ideal with tomato-based sauces), fettuccine (great with Alfredo sauce), penne (works well with pesto), and farfalle (good for creamy sauces).",Cooking
How do you prepare a classic Caesar salad?,"To prepare a classic Caesar salad, you'll need romaine lettuce, Caesar dressing, croutons, grated Parmesan cheese, and optionally, anchovies. Toss the ingredients together, and it's ready to serve.",Cooking
"What is the role of leavening agents in baking, and how do they work?","Leavening agents like yeast, baking powder, and baking soda create carbon dioxide gas when mixed with other ingredients. This gas gets trapped in the dough or batter, causing it to rise and become light and fluffy during baking.",Cooking
How can I marinate and grill chicken for a tasty barbecue?,"To marinate and grill chicken for a tasty barbecue, combine chicken with your preferred marinade, refrigerate for a few hours, then grill until the chicken reaches a safe internal temperature (165°F or 74°C).",Cooking
What are the benefits of eating a Mediterranean diet?,"The Mediterranean diet is associated with numerous health benefits, including reduced risk of heart disease, improved weight management, and better overall health. It emphasizes fruits, vegetables, whole grains, fish, and olive oil.",Cooking
How do you make a rich and hearty beef stew?,"To make a rich beef stew, sear chunks of beef, then simmer them with onions, carrots, potatoes, beef broth, and seasonings. Slow cooking allows the flavors to meld together for a hearty meal.",Cooking
What are some popular vegetarian sources of protein?,"Popular vegetarian sources of protein include tofu, legumes (beans, lentils, chickpeas), quinoa, nuts, and seeds. These foods are rich in plant-based protein and can be used in various dishes.",Cooking
How do you properly season and roast a whole chicken?,"To properly season and roast a whole chicken, rub it with a mixture of herbs, spices, salt, and oil. Roast in the oven at a specific temperature and time per pound until the internal temperature reaches 165°F (74°C).",Cooking
What is the difference between sweet potatoes and regular potatoes?,"Sweet potatoes and regular potatoes differ in taste, texture, and appearance. Sweet potatoes are sweeter, have an orange or purple flesh, and are often used in desserts, while regular potatoes are starchier and come in various colors.",Cooking
How can I make a smooth and velvety chocolate mousse?,"To make smooth chocolate mousse, melt chocolate, then fold it into whipped cream or egg whites. Chill the mixture until it sets and becomes airy",Cooking
What is the largest species of big cat in the world?,The largest species of big cat in the world is the Siberian tiger.,Mammals
How do birds navigate during long migrations?,"Birds often use a combination of visual cues, the Earth's magnetic field, and celestial navigation to navigate during long migrations.",Birds
What is the difference between a venomous snake and a poisonous snake?,"Venomous snakes inject venom into their prey or predators through fangs or stingers, while poisonous snakes are toxic if touched or ingested.",Reptiles
How do dolphins communicate with each other?,"Dolphins communicate with a combination of clicks, whistles, and body language, which they use to convey messages and navigate.",Marine Life
What is the lifespan of a typical house cat?,"The lifespan of a typical house cat is around 15 years, although some can live well into their twenties.",Mammals
How do chameleons change their skin color?,"Chameleons change their skin color through specialized cells called chromatophores, which contain pigments and expand or contract to create different colors.",Reptiles
What is the purpose of a kangaroo's pouch?,"A kangaroo's pouch serves as a protective chamber where it carries and nurses its young, known as joeys.",Marsupials
What is the world's smallest mammal?,"The world's smallest mammal is the bumblebee bat (Craseonycteris thonglongyai), native to parts of Southeast Asia.",Mammals
How do bats use echolocation to navigate and hunt?,"Bats emit high-frequency sounds that bounce off objects. By analyzing the returning echoes, bats can navigate in complete darkness and locate prey.",Mammals
What is the difference between a crocodile and an alligator?,"Crocodiles have V-shaped snouts and live in saltwater habitats, while alligators have U-shaped snouts and prefer freshwater environments.",Reptiles
What is the purpose of a peacock's colorful feathers?,A peacock's colorful feathers are primarily used in courtship displays to attract females. They are not used for flying.,Birds
How do honeybees communicate with each other in the hive?,"Honeybees use a complex system of dances, known as the ""waggle dance"" and the ""round dance,"" to communicate the location of food sources and nesting sites.",Insects
What is the lifespan of a typical dog?,The lifespan of a typical dog varies by breed but generally ranges from 10 to 13 years.,Mammals
How do monarch butterflies migrate thousands of miles?,Monarch butterflies use a combination of environmental cues and a sun compass to navigate during their incredible long-distance migrations.,Insects
What are the different types of camouflage used by animals?,"Animals use various forms of camouflage, including disruptive coloration, background matching, and mimicry, to blend in with their surroundings and avoid predators.",Behavior
"What is hibernation, and which animals undergo it?",Hibernation is a state of reduced metabolic activity and lowered body temperature that some animals enter to conserve energy during winter. Examples include bears and certain rodents.,Behavior
How do electric eels generate electric shocks?,"Electric eels have specialized cells called electrocytes that can produce electric charges when activated. They use these charges for navigation, communication, and hunting.",Fish
What is the most venomous spider in the world?,"The Brazilian wandering spider (Phoneutria) is considered one of the most venomous spiders globally, with a potent neurotoxic venom.",Arachnids
How do birds like the albatross stay in the air for extended periods?,"Birds like the albatross use dynamic soaring techniques, riding wind currents near the ocean's surface and using the energy to stay aloft for extended periods.",Birds
What is the world's largest land animal?,"The world's largest land animal is the African elephant, with males weighing up to 12,000 pounds (5,400 kilograms).",Mammals
How do cuttlefish change the color and pattern of their skin?,Cuttlefish change color and pattern by adjusting pigmented cells called chromatophores and using muscular contractions to alter their skin's texture.,Marine Life
What is the primary diet of giant pandas?,"The primary diet of giant pandas consists of bamboo, although they are omnivores and may occasionally eat small mammals or fish.",Mammals
How do bees collect nectar and pollen for making honey?,Bees collect nectar and pollen from flowers using their proboscis and specialized leg structures. They store nectar in their honey stomachs and transport pollen on their bodies.,Insects
What is the function of a squid's ink sac?,"A squid's ink sac contains a dark ink that it can expel as a defense mechanism to create a cloud of darkness, confusing predators and providing an opportunity to escape.",Marine Life
What is the purpose of a porcupine's quills?,"Porcupine quills serve as a defensive weapon. When threatened, a porcupine may raise its quills and try to impale a predator, deterring it from attack.",Mammals
How do octopuses change their body texture and appearance?,"Octopuses change their body texture and appearance by contracting and relaxing muscles beneath their skin, allowing them to mimic various textures and colors of their surroundings.",Marine Life
What is the lifespan of a typical goldfish?,"The lifespan of a typical goldfish is about 10 to 15 years, although some can live longer with proper care.",Fish
"How do fireflies produce light, and what is its purpose?",Fireflies produce light through a chemical reaction in their abdomen. The purpose of the light is to attract mates and communicate with other fireflies.,Insects
"What are the different types of feathers on a bird's body, and what are their functions?","Birds have various types of feathers, including contour feathers for flight and protection, down feathers for insulation, and filoplumes for sensing.",Birds
How do sloths survive in the wild with their slow movement?,"Sloths have a slow metabolism and move slowly to conserve energy. They spend most of their time in trees and have specialized adaptations, such as long claws and algae-covered fur.",Mammals
What is the world's smallest reptile?,"The world's smallest reptile is the Jaragua Sphaero (Sphaerodactylus ariasae), a tiny gecko species found in the Dominican Republic.",Reptiles
"How do fire ants build their nests, and what is their social structure?","Fire ants build nests by excavating soil, creating intricate tunnels and chambers. They have a social structure with worker ants, a queen, and males.",Insects
What is the difference between a turtle and a tortoise?,"Turtles are adapted for aquatic life, with webbed feet and flatter shells, while tortoises are land-dwelling reptiles with dome-shaped shells and sturdy legs.",Reptiles
What is the primary diet of great white sharks?,"The primary diet of great white sharks includes seals, sea lions, fish, and other marine mammals. They are apex predators in the ocean.",Marine Life
"How do spiders create silk, and what do they use it for?","Spiders create silk through specialized spinnerets, and they use it for various purposes, including building webs, constructing egg sacs, and making draglines for movement.",Arachnids
"What are the different types of bees in a hive, and what are their roles?","A bee hive typically consists of worker bees (females), drones (males), and a queen. Worker bees gather nectar, drones mate with the queen, and the queen lays eggs.",Insects
How do kangaroos travel long distances with hopping?,Kangaroos have powerful hind legs and use a hopping motion to cover long distances efficiently. Their large tails provide balance.,Marsupials
What is the purpose of a horned lizard's horns?,"Horned lizards have pointed, horn-like projections on their heads that deter predators. They can inflate their bodies and shoot blood from their eyes as a defense mechanism.",Reptiles
How do ants communicate and coordinate their activities within a colony?,"Ants communicate through pheromones, chemical signals that convey information about food sources, danger, and colony needs. They use these signals to coordinate tasks.",Insects
What are the main adaptations of camels that help them survive in desert environments?,"Camels have adaptations like humps for storing fat, long legs for walking on sand, and the ability to conserve water by producing concentrated urine and minimizing sweat.",Mammals
How do termites construct intricate mound nests from soil and saliva?,"Termites mix soil and saliva to create a building material called ""mud,"" which they use to construct intricate mound nests with a complex system of chambers and tunnels.",Insects
What is the purpose of a giraffe's long neck?,"A giraffe's long neck allows it to reach leaves high in trees that are not accessible to other herbivores, giving it an advantage in finding food.",Mammals
How do ants find the shortest path to a food source and communicate it to the colony?,"Ants use pheromone trails to mark the shortest path to a food source. Other ants follow these trails, reinforcing the most efficient routes.",Insects
What is the primary diet of a giant panda in the wild?,"The primary diet of a giant panda in the wild consists of bamboo shoots, leaves, and stems. They occasionally eat small mammals or fish.",Mammals
How do geckos cling to vertical surfaces and ceilings?,Geckos have specialized adhesive pads on their feet that allow them to cling to vertical surfaces and ceilings using van der Waals forces.,Reptiles
What is the world's fastest land animal?,"The world's fastest land animal is the cheetah, capable of sprinting at speeds of up to 60 to 70 miles per hour (97 to 113 kilometers per hour).",Mammals
How do seahorses give birth to their young?,Male seahorses carry fertilized eggs in a specialized pouch on their front and give birth to live seahorse fry by expelling them from the pouch.,Marine Life
What is the purpose of a beaver's dam and lodge?,A beaver's dam and lodge serve as protection against predators and shelter during the winter months. Dams also create ponds for easy access to food.,Mammals
How do ants defend their colony against intruders and predators?,Ants have soldier ants that defend the colony using their powerful jaws and stinging capabilities. They work together to repel intruders and protect their nest.,Insects
What is the primary diet of a bald eagle?,"The primary diet of a bald eagle consists of fish, which they catch by swooping down to grab them with their talons from the water's surface.",Birds
How do spiders create silk threads for their webs?,"Spiders create silk threads by producing a liquid protein solution from their spinnerets. As the liquid is extruded and solidifies, it forms silk threads that can be used for various purposes.",Arachnids
What is the purpose of a turtle's shell?,A turtle's shell provides protection from predators and environmental hazards. It consists of the carapace (top) and plastron (bottom) and is fused to the turtle's spine and ribs.,Reptiles
How do frogs produce their distinctive croaking sounds?,"Frogs produce croaking sounds by inflating their vocal sacs with air and then expelling the air past their vocal cords, creating vibrations that produce the sound.",Amphibians
What is the purpose of a peacock spider's elaborate courtship dance?,"A peacock spider's courtship dance is a display to attract a mate. The colorful abdomen is extended, and the spider performs intricate dance movements to woo a female.",Arachnids
What is the primary diet of a hummingbird?,"The primary diet of a hummingbird consists of nectar from flowers, which they extract using their specialized long, slender bills and a rapid tongue-flicking motion.",Birds
How do anglerfish use their bioluminescent lure to catch prey?,"Anglerfish have a bioluminescent lure that hangs in front of their mouth, attracting prey in the dark depths of the ocean. When prey approach, the anglerfish strikes quickly.",Fish
What is the purpose of a platypus's bill?,"A platypus's bill is equipped with electroreceptors that detect the electrical signals generated by the movements of prey in the water. It helps them locate prey, such as insects and small crustaceans.",Mammals
"How do ants transport food back to their colony, and what is their teamwork like?","Ants transport food back to their colony using a coordinated effort. They carry food in their mandibles and pass it to other workers through trophallaxis, a process of sharing regurgitated food.",Insects
What are the primary differences between African and Asian elephants?,"African elephants are larger, have larger ears, and both males and females have tusks. Asian elephants are smaller, with smaller ears, and only some males have tusks.",Mammals
How do bees maintain the temperature within their hive during winter and summer?,Bees regulate the temperature within their hive by collectively fanning their wings to cool it in summer and clustering together and generating heat in winter.,Insects
What is the primary diet of a polar bear?,"The primary diet of a polar bear is seals, particularly ringed and bearded seals, which they catch by waiting near breathing holes in the sea ice.",Mammals
How do ants locate and retrieve injured or dead colony members?,Ants use pheromone signals to locate and retrieve injured or dead colony members. They may carry them back to the nest or dispose of them outside.,Insects
How do octopuses use ink as a defensive mechanism?,"Octopuses release a cloud of ink into the water, creating a smokescreen that confuses predators and allows the octopus to escape. The ink also dulls the predator's sense of smell.",Marine Life
What is the primary diet of a bald eagle?,"The primary diet of a bald eagle consists of fish, waterfowl, and small mammals. They are skilled hunters and scavengers.",Birds
"How do spiders create silk for web construction, and what is the function of spider silk?",Spiders create silk by extruding a liquid protein solution through their spinnerets. Spider silk is used for building webs to capture prey and for constructing egg sacs.,Arachnids
What is the purpose of a pangolin's protective scales?,"A pangolin's protective scales deter predators by creating a tough, armor-like exterior. When threatened, pangolins curl into a ball, protecting their vulnerable belly with the scales.",Mammals
How do ants build elaborate underground tunnels and chambers within their colonies?,"Ants excavate soil and create intricate underground tunnels and chambers using their mandibles and legs. The tunnels serve as nests, food storage, and nurseries for their young.",Insects
What is the primary diet of a peregrine falcon?,"The primary diet of a peregrine falcon consists of birds, which they capture during high-speed dives called stoops. They are known as some of the fastest birds in the world.",Birds
"How do narwhals use their long, spiral tusks, and what are they made of?","Narwhals use their long tusks for communication, sensing changes in their environment, and possibly for breaking through ice. The tusks are elongated teeth made of ivory.",Marine Life
"What is the primary diet of a vampire bat, and how do they obtain their meals?",The primary diet of a vampire bat is blood. They obtain blood by making small incisions in the skin of sleeping animals and lapping up the blood that flows.,Mammals
How do ants defend their colony against threats such as rival ant colonies or predators?,"Ants defend their colony through coordinated attacks, stinging or biting threats, and even waging wars with rival ant colonies over territory and resources.",Insects
"What is the purpose of a gecko's sticky toe pads, and how do they work?","Geckos have sticky toe pads covered in millions of microscopic hairs that create van der Waals forces, allowing them to adhere to various surfaces and climb walls and ceilings.",Reptiles
What is the primary diet of a killer whale (orca)?,"The primary diet of a killer whale, or orca, varies by population but can include fish, seals, sea lions, and even other whales. Different populations specialize in different prey.",Marine Life
How do ants forage for food and communicate its location to other colony members?,Ants forage for food by sending out scouts that leave pheromone trails leading to food sources. They communicate the location through chemical signals to other workers.,Insects
What is the purpose of a rhinoceros's horn?,"A rhinoceros's horn is primarily used for defense against predators and threats. It is made of keratin, the same material as human hair and nails.",Mammals
How do hummingbirds hover in mid-air and extract nectar from flowers?,"Hummingbirds hover by rapidly flapping their wings in a figure-eight pattern. They use their long bills and extendable, tube-like tongues to extract nectar from flowers.",Birds
What is the primary diet of a king cobra?,"The primary diet of a king cobra consists of other snakes, particularly venomous snakes. They are skilled hunters and have potent venom to immobilize their prey.",Reptiles
How do ants deal with intruders or foreign ants entering their colony?,Ants are territorial and often aggressively defend their colonies. They may attack and kill foreign ants or intruders attempting to enter their nest.,Insects
What is the function of a kangaroo's tail?,A kangaroo's tail serves as a balance and support structure. It helps them maintain balance while hopping and can also be used as a powerful weapon to defend against threats.,Marsupials
How do polar bears stay warm in cold Arctic environments?,Polar bears have a thick layer of blubber and dense fur that provide insulation and help them stay warm in frigid Arctic conditions.,Mammals
"What is the primary diet of a praying mantis, and how do they catch prey?",The primary diet of a praying mantis includes insects. They are ambush predators and use their spiked forelimbs to capture prey with lightning-fast strikes.,Insects
"What is the purpose of a proboscis monkey's large, bulbous nose?","A proboscis monkey's large nose is primarily a result of sexual selection. It attracts mates and enhances vocalizations, allowing them to produce loud calls to communicate.",Mammals
"How do ants solve complex problems, such as finding the shortest route to food?",Ants solve complex problems through collective decision-making. They use pheromones to communicate and collectively choose the most efficient routes to food sources.,Insects
"What is the primary diet of a red fox, and how do they hunt for food?","The primary diet of a red fox includes small mammals, birds, and insects. They are skilled hunters that use stealth and agility to catch prey.",Mammals
How do squids use their jet propulsion system for movement and defense?,"Squids expel water from a siphon to move forward rapidly, a process known as jet propulsion. They also use this mechanism to escape from predators.",Marine Life
What is the primary diet of a koala?,"The primary diet of a koala consists of eucalyptus leaves, which they consume in large quantities. Koalas have specialized digestive systems to break down these tough leaves.",Marsupials
How do army ants cooperate in large-scale raids and foraging expeditions?,"Army ants work together in massive colonies, forming living bridges and tunnels to cross obstacles and conducting coordinated raids to overwhelm prey and gather food.",Insects
What is the purpose of a giraffe's long tongue?,"A giraffe's long tongue is adapted for reaching leaves high in trees. It is prehensile and covered in tough, prickly papillae to help grasp and strip leaves from branches.",Mammals
"How do ants transport large prey back to their colony, and how do they dismember it for consumption?",Ants work together to transport large prey to their colony. They may dismember it into smaller pieces and share it with other colony members through trophallaxis.,Insects
What is the primary diet of a great white shark?,"The primary diet of a great white shark includes seals, sea lions, fish, and other marine mammals. They are apex predators in the ocean and are known for their powerful jaws.",Marine Life
How do bees communicate the location of nectar-rich flowers to their hive mates?,"Bees communicate the location of nectar-rich flowers by performing a ""waggle dance"" that conveys direction and distance relative to the sun. Other bees follow the dance to find the flowers.",Insects
What is the purpose of a cassowary's helmet-like casque on its head?,"A cassowary's casque may serve multiple functions, including enhancing vocalization, protecting against foliage, and possibly as a secondary sexual characteristic in courtship displays.",Birds
How do ants defend their colony against larger threats like anteaters or army ants from rival colonies?,"Ants use coordinated attacks, swarming, and stinging to defend their colony against larger threats like anteaters or invading army ants from rival colonies.",Insects
"What is the primary diet of a scorpion, and how do they capture and consume prey?",The primary diet of a scorpion includes insects and other arthropods. They use their pincers to grab and immobilize prey and their stinger to inject venom.,Arachnids
"How do axolotls regenerate lost body parts, and why is this ability unique?","Axolotls can regenerate lost body parts, including limbs, spinal cord, and even parts of their heart and brain. This ability is unique among vertebrates and holds promise for regenerative medicine.",Amphibians
"What is the purpose of a bearded dragon's beard, and how do they use it?","A bearded dragon's beard can change color and puff up, serving as a display in courtship, dominance, or defense. It can make them appear larger and more intimidating to threats.",Reptiles
"What is the primary diet of a blue whale, and how do they feed?","The primary diet of a blue whale is krill, tiny shrimp-like organisms. Blue whales use baleen plates in their mouths to filter krill from large gulps of seawater.",Marine Life
"How do ants navigate to and from their nest, even when foraging far from home?","Ants use a combination of visual landmarks, pheromone trails, and the angle of the sun to navigate to and from their nest, even when foraging far from home.",Insects
What is the purpose of a hammerhead shark's unique head shape?,"The hammerhead shark's unique head shape, or cephalofoil, is thought to enhance sensory capabilities, including detecting prey and tracking the Earth's magnetic field.",Fish
How do sea turtles return to the same beach where they hatched to lay their eggs?,"Sea turtles use Earth's magnetic field, ocean currents, and visual cues to navigate, helping them return to the same beach where they hatched to lay their eggs.",Reptiles
"What is the primary diet of a bengal tiger, and how do they hunt for food?","The primary diet of a Bengal tiger includes various large mammals, such as deer and wild boar. They are solitary hunters that ambush their prey with stealth and power.",Mammals
How do ants manage waste and maintain cleanliness within their colonies?,"Ants manage waste by depositing it in specific chambers or tunnels within their nest. They also practice grooming and hygiene, cleaning themselves and colony members.",Insects
What is the purpose of a blue poison dart frog's bright coloration?,A blue poison dart frog's bright coloration serves as a warning to potential predators that it is toxic. It deters predators from attempting to eat them.,Amphibians
"How do cephalopods, like octopuses and squids, change the color and pattern of their skin?",Cephalopods change the color and pattern of their skin by expanding or contracting specialized pigment-filled cells called chromatophores. This allows them to camouflage and communicate.,Marine Life
"What is the primary diet of a bobcat, and how do they hunt for food?","The primary diet of a bobcat includes small mammals, birds, and rodents. They are stealthy hunters that rely on ambush tactics and a keen sense of smell and vision.",Mammals
How do ants protect aphids and use them as a source of food?,"Some ant species protect aphids, known as ""farming,"" in exchange for a sugary secretion called honeydew. Ants use this as a food source and defend the aphids from predators.",Insects
"What is the purpose of a peacock's elaborate tail feathers, or plumage?",A peacock's elaborate tail feathers serve as a display during courtship. The vibrant plumage is spread open in a fan-like manner to attract potential mates.,Birds
How do dung beetles locate and bury dung as a food source and nesting material?,"Dung beetles locate dung by scent, roll it into balls, and bury it as a food source and nesting material. They navigate using the Milky Way and celestial cues.",Insects
"What is the primary diet of a secretary bird, and how do they hunt for food?","The primary diet of a secretary bird includes small mammals, snakes, and birds. They are known for their distinctive hunting method of stomping on prey with their powerful legs and talons.",Birds
"How do ants forage for food, and what do they do when they find a source?","Ants send out foragers to search for food. When a source is found, they lay down pheromone trails to guide other ants to the location.",Insects
"What is the purpose of a fennec fox's large ears, and how do they help in the desert?",A fennec fox's large ears serve to dissipate heat and enhance hearing. They help in thermoregulation and locating prey in the arid desert environment.,Mammals
"How do hermit crabs protect their soft abdomens, and why do they use shells?","Hermit crabs protect their soft abdomens by using discarded shells as mobile homes. They change shells as they grow, seeking larger ones for protection.",Marine Life
"What is the primary diet of a green anaconda, and how do they capture and consume prey?","The primary diet of a green anaconda consists of aquatic animals like fish, birds, and mammals. They capture prey by ambushing and constricting them before swallowing them whole.",Reptiles
How do ants contribute to nutrient cycling and soil aeration in ecosystems?,Ants help in nutrient cycling by moving organic matter and nutrients through the soil. Their tunneling activities also contribute to soil aeration and improve soil quality.,Insects
"What is the purpose of a frilled lizard's frill, and how do they use it?","A frilled lizard's frill is used for defense and courtship displays. When threatened, it can expand the frill to appear larger and more intimidating to potential predators.",Reptiles
"How do narwhals use their long tusks for communication, hunting, and navigation?","Narwhals may use their long tusks for various purposes, including communication, hunting, and possibly navigation. The exact functions are still under study.",Marine Life
"What is the primary diet of a komodo dragon, and how do they capture and consume prey?","The primary diet of a komodo dragon includes large mammals, birds, and carrion. They capture prey with a combination of powerful jaws and toxic saliva, and they feed by tearing flesh into chunks.",Reptiles
How do ants deal with intruders and parasites within their colonies?,"Ants use aggressive behavior, such as biting and stinging, to deal with intruders and parasites within their colonies. They may also remove or isolate infected colony members.",Insects
"What is the purpose of a moose's antlers, and how do they use them?",A moose's antlers are primarily used in mating displays and fights for dominance during the breeding season. They are shed and regrown annually.,Mammals
How do anteaters use their long tongues to capture ants and termites?,"Anteaters have long, sticky tongues that they extend into ant and termite nests to capture insects. They can flick their tongues rapidly to collect large numbers of prey.",Mammals
What is the primary diet of a bald eagle?,"The primary diet of a bald eagle consists of fish, waterfowl, and carrion. They are skilled hunters and scavengers.",Birds
"How do ants carry out complex construction projects within their colonies, such as building bridges and traps?","Ants work together to carry out complex construction projects within their colonies. They use their bodies to create bridges and traps, collaborating to achieve their goals.",Insects
"What is the purpose of a blue-ringed octopus's bright blue rings, and why are they venomous?",A blue-ringed octopus's bright blue rings serve as a warning to potential predators. They are venomous and use their toxins for defense and hunting.,Marine Life
What is the primary diet of a bald eagle?,"The primary diet of a bald eagle consists of fish, waterfowl, and carrion. They are skilled hunters and scavengers.",Birds
"How do chameleons change the color of their skin, and what is the purpose of this ability?","Chameleons change the color of their skin by manipulating specialized cells called chromatophores. This ability is used for communication, camouflage, and temperature regulation.",Reptiles
What is the purpose of a poison dart frog's toxic skin secretions?,A poison dart frog's toxic skin secretions serve as a defense mechanism against predators. Indigenous people have used their toxins to poison blowgun darts.,Amphibians
How do ants carry out large-scale coordinated attacks on other colonies or threats?,Ants carry out large-scale coordinated attacks by swarming and using their numbers to overwhelm threats. They may also engage in chemical warfare by spraying formic acid.,Insects
"What is the primary diet of a great horned owl, and how do they hunt for food?","The primary diet of a great horned owl includes mammals, birds, and reptiles. They are skilled nocturnal hunters with powerful talons for capturing prey.",Birds
"How do seahorses mate, and what is unique about their reproduction?","Seahorses have a unique mating process where the male carries fertilized eggs in a specialized pouch on his front. He nurtures the eggs until they hatch, which is unusual in the animal kingdom.",Marine Life
"What is the purpose of a cassowary's strong, sharp claws, and how do they use them?","A cassowary's strong, sharp claws serve as weapons for defense and foraging. They can deliver powerful kicks to deter threats and access food in the forest underbrush.",Birds
How do ants select and prepare a suitable location for their colony's nest?,"Ants evaluate potential nest locations based on factors like moisture, protection, and accessibility. They may clear debris and build chambers to create a suitable nesting site.",Insects
"What is the primary diet of a great white shark, and how do they capture prey?","The primary diet of a great white shark includes seals, sea lions, fish, and other marine mammals. They capture prey with powerful jaws and sharp teeth.",Marine Life
How do ants recruit and coordinate workers for tasks such as foraging and defense?,Ants recruit and coordinate workers through chemical signals (pheromones) and tactile communication. They assess the colony's needs and assign tasks accordingly.,Insects
"What is the purpose of a proboscis monkey's large, protruding nose?","A proboscis monkey's large nose is thought to serve multiple purposes, including attracting mates, enhancing vocalizations, and possibly as a sign of health and fitness.",Mammals
How do star-nosed moles use their unique star-shaped appendage to find prey?,Star-nosed moles use their star-shaped appendage to sense vibrations and locate prey underwater. They are extremely sensitive and can identify and capture prey quickly.,Mammals
"What is the primary diet of a sea otter, and how do they obtain and consume their food?","The primary diet of a sea otter consists of marine invertebrates, especially sea urchins, clams, and crabs. They use tools like rocks to break open shells and consume food while floating on their backs.",Marine Life
"How do ants protect their colony from extreme weather conditions, such as heavy rain or flooding?",Ants may move their brood and queen to higher ground within the nest to protect them from flooding. They can also form rafts or bivouacs to stay afloat during heavy rain.,Insects
"What is the purpose of a narwhal's long, spiral tusk, and how do they use it?","A narwhal's long, spiral tusk may serve various purposes, including sensing changes in the environment, communicating with other narwhals, and possibly for breaking through ice.",Marine Life
"What is the primary diet of a snowy owl, and how do they hunt for food?","The primary diet of a snowy owl consists of small mammals, primarily lemmings. They are skilled hunters that use their sharp talons to capture prey.",Birds
How do ants protect their colony from diseases and pathogens?,Ants practice grooming and sanitation to remove pathogens from themselves and other colony members. They may also isolate infected individuals to prevent the spread of diseases within the colony.,Insects
"What is the purpose of a male peacock's elaborate tail feathers, and how do they use them in courtship displays?",A male peacock's elaborate tail feathers are used in courtship displays to attract females. The peacock fans out its tail feathers and performs dances to showcase its vibrant plumage.,Birds
How do octopuses use their intelligence to solve problems and escape from enclosures?,"Octopuses are highly intelligent and can use their problem-solving abilities to manipulate objects, unscrew lids, and even escape from enclosures by squeezing through small openings.",Marine Life
"What is the primary diet of a beluga whale, and how do they obtain and consume their food?","The primary diet of a beluga whale includes fish, squid, and crustaceans. They use echolocation to locate prey and suck it into their mouths before swallowing it whole.",Marine Life
How do ants handle food shortages and scarcity within their colony?,Ants have adaptations like food storage chambers and the ability to switch their diet based on what is available. They can also reduce the number of colony members during periods of scarcity.,Insects
What is the purpose of a cassowary's helmet-like casque on its head?,"The purpose of a cassowary's casque is not entirely clear, but it may serve functions like amplifying vocalizations, protecting against vegetation, and possibly as a signal of age and health in courtship displays.",Birds
How do narwhals use their long tusks to hunt for food in the Arctic waters?,"Narwhals use their long tusks to stun and immobilize prey, such as fish and squid, making it easier to capture and consume their food in the cold Arctic waters.",Marine Life
"What is the primary diet of a harpy eagle, and how do they hunt for food?","The primary diet of a harpy eagle consists of large mammals and birds, such as monkeys and sloths. They are powerful hunters that use their sharp talons to capture prey.",Birds
"How do ants defend against larger predators, such as birds and mammals, when foraging for food?","Ants may swarm and attack larger predators, biting or stinging them to defend themselves and their food sources. They can also retreat into tunnels to escape threats.",Insects
"What is the purpose of a kangaroo's tail, and how does it assist in their mobility?","A kangaroo's tail serves as a balance and support structure, assisting in their mobility and allowing them to maintain balance while hopping and leaping.",Marsupials
"How do giant pandas primarily obtain and consume bamboo, their main food source?",Giant pandas primarily obtain and consume bamboo by using their strong jaws and teeth to strip leaves and stems from bamboo stalks. They can eat large quantities in a single day.,Mammals
"What is the purpose of a rhinoceros's horn, and how has it contributed to their endangerment?","A rhinoceros's horn is primarily used for defense against predators and threats. Unfortunately, it has also made them targets for poaching, leading to their endangerment.",Mammals
How do ants recognize and differentiate between colony members and intruders?,Ants use chemical cues like pheromones to recognize and differentiate between colony members and intruders. They may also engage in aggressive behavior toward intruders.,Insects
"What is the primary diet of a crocodile, and how do they capture and consume prey?","The primary diet of a crocodile includes fish, birds, and mammals. They capture prey by lurking in the water and using stealth and explosive force to seize their target.",Reptiles
How do ants organize their complex societies and divide labor among colony members?,"Ants organize their societies through a division of labor, with different castes assigned specific roles. This specialization allows them to efficiently perform various tasks within the colony.",Insects
"What is the purpose of a giraffe's long neck, and how does it help them survive in their habitat?",A giraffe's long neck allows them to reach high foliage that other herbivores cannot access. It helps them survive by providing a unique feeding advantage in their habitat.,Mammals
"How do leafcutter ants harvest and process leaves for their fungal gardens, and why do they do it?","Leafcutter ants harvest leaves and use them as a substrate for cultivating a specialized fungus, which serves as their primary food source. The fungus breaks down the leaves for easier consumption.",Insects
"What is the purpose of a narwhal's long, spiral tusks, and how do they obtain their meals?","Narwhals use their long tusks for various purposes, including breaking through ice, sensing changes in their environment, and potentially for communication. They obtain their meals, such as fish and squid, using their tusks to stun and immobilize prey.",Marine Life
What is the primary diet of a bald eagle?,"The primary diet of a bald eagle consists of fish, waterfowl, and carrion. They are skilled hunters and scavengers.",Birds
How do geckos stick to walls and ceilings using their toe pads?,"Geckos have toe pads covered in millions of microscopic hairs that create van der Waals forces, allowing them to adhere to various surfaces like walls and ceilings. This remarkable adaptation aids in climbing and mobility.",Reptiles
"What is the purpose of a pangolin's protective scales, and how do they use them?","A pangolin's protective scales deter predators by creating a tough, armor-like exterior. When threatened, pangolins curl into a ball, protecting their vulnerable belly with the scales.",Mammals
How do ants communicate within their colony and coordinate tasks like foraging and defense?,"Ants communicate through chemical signals, primarily pheromones, to convey information about tasks, food sources, and threats. This communication allows them to coordinate their activities efficiently within the colony.",Insects
"What is the primary diet of a polar bear, and how do they hunt for food?",The primary diet of a polar bear consists of seals and other marine mammals. They hunt for food by stalking seals near breathing holes in the ice or waiting near seal dens.,Mammals
How do narwhals use their long tusks for navigation in the Arctic waters?,"Narwhals may use their long tusks for navigation in the Arctic waters, possibly by sensing changes in water temperature and salinity. The exact mechanisms are still being studied.",Marine Life
"What is the purpose of a peacock's elaborate tail feathers, and how do they use them in courtship displays?",A peacock's elaborate tail feathers serve as a display during courtship. The vibrant plumage is spread open in a fan-like manner to attract potential mates.,Birds
How do octopuses use their intelligence to solve problems and capture prey?,"Octopuses use their intelligence to manipulate objects, solve puzzles, and capture prey. They are known for their problem-solving abilities, which help them adapt to their environment and find food.",Marine Life
"What is the primary diet of a snow leopard, and how do they hunt for food?",The primary diet of a snow leopard includes ungulates like blue sheep and ibex. They are stealthy hunters that use camouflage and ambush tactics to capture prey in mountainous terrain.,Mammals
How do ants protect their colony from threats such as predators and rival ant colonies?,"Ants protect their colony through coordinated attacks, stinging or biting threats, and even waging wars with rival ant colonies over territory and resources. They use both chemical and physical defenses.",Insects
"What is the purpose of a rhinoceros's horn, and how has it contributed to their endangerment?","A rhinoceros's horn is primarily used for defense against predators and threats. Unfortunately, it has also made them targets for poaching, leading to their endangerment.",Mammals
"How do ants transport large prey back to their colony, and how do they dismember it for consumption?",Ants work together to transport large prey to their colony. They may dismember it into smaller pieces and share it with other colony members through trophallaxis.,Insects
What is the primary diet of a killer whale (orca)?,"The primary diet of a killer whale, or orca, varies by population but can include fish, seals, sea lions, and even other whales. Different populations specialize in different prey.",Marine Life
"How do pangolins protect themselves from predators, and what is the purpose of their tough, overlapping scales?","Pangolins protect themselves by curling into a ball and presenting their tough, overlapping scales to deter predators. These scales serve as armor and are made of keratin, the same material as human hair and nails.",Mammals
"What is the purpose of a beaver's dam, and how do they construct it?","A beaver's dam serves as a shelter and protection from predators. They construct it by felling trees and using branches, mud, and stones to create a watertight structure that creates a pond for easy access to food and safety.",Mammals
"How do ants solve complex problems, such as finding the shortest route to food?",Ants solve complex problems through collective decision-making. They use pheromones to communicate and collectively choose the most efficient routes to food sources.,Insects
"What is the purpose of a platypus's bill, and how do they use it to hunt for food?",A platypus's bill is used for hunting. They have electroreceptors in their bill that detect the electrical signals of prey in the water. This adaptation helps them locate and capture small aquatic invertebrates.,Mammals
"How do dolphins communicate with each other, and what is the purpose of their clicks and whistles?","Dolphins communicate with each other using a combination of clicks, whistles, and body language. These sounds are used for social interaction, navigation, and locating prey.",Marine Life
"What is the primary diet of a Bengal tiger, and how do they hunt for food?","The primary diet of a Bengal tiger includes various large mammals, such as deer and wild boar. They are solitary hunters that ambush their prey with stealth and power.",Mammals
"How do ants coordinate large-scale foraging efforts, such as raiding other ant colonies for food?","Ants coordinate large-scale foraging efforts through pheromone trails and collective behavior. They may send out a large number of workers to raid other ant colonies, overpowering them with sheer numbers.",Insects
"What is the purpose of a peacock's elaborate tail feathers, or plumage?",A peacock's elaborate tail feathers serve as a display during courtship. The vibrant plumage is spread open in a fan-like manner to attract potential mates.,Birds
How do ants locate and exploit new food sources in their environment?,"Ants use scouts to search for new food sources, and once found, they lay down pheromone trails to guide other ants to the location. This efficient communication helps them exploit resources.",Insects
"What is the primary diet of a cheetah, and how do they hunt for food?","The primary diet of a cheetah consists of small to medium-sized ungulates, such as gazelles and impalas. They are the fastest land animals and use speed and stealth to hunt down their prey.",Mammals
How do bats use echolocation to navigate and locate prey in the dark?,Bats emit high-pitched sound waves and listen for the echoes to navigate and locate prey in the dark. They can create detailed mental maps of their surroundings using this echolocation system.,Mammals
"What is the purpose of a proboscis monkey's large, protruding nose, and how does it impact their behavior?","A proboscis monkey's large nose may be used for vocalizations, attracting mates, and possibly as a sign of health and fitness. It plays a role in their social interactions and behaviors.",Mammals
How do ants deal with waste and maintain cleanliness within their colonies?,"Ants manage waste by depositing it in specific chambers or tunnels within their nest. They also practice grooming and hygiene, cleaning themselves and colony members.",Insects
What is the purpose of a blue poison dart frog's bright coloration?,A blue poison dart frog's bright coloration serves as a warning to potential predators that it is toxic. It deters predators from attempting to eat them.,Amphibians
"How do cephalopods, like octopuses and squids, change the color and pattern of their skin?",Cephalopods change the color and pattern of their skin by expanding or contracting specialized pigment-filled cells called chromatophores. This allows them to camouflage and communicate.,Marine Life
"What is the primary diet of a bobcat, and how do they hunt for food?","The primary diet of a bobcat includes small mammals, birds, and rodents. They are stealthy hunters that rely on ambush tactics and a keen sense of smell and vision.",Mammals
"How do ants navigate to and from their nest, even when foraging far from home?","Ants use a combination of visual landmarks, pheromone trails, and the angle of the sun to navigate to and from their nest, even when foraging far from home.",Insects
What is the purpose of a hammerhead shark's unique head shape?,"The hammerhead shark's unique head shape, or cephalofoil, is thought to enhance sensory capabilities, including detecting prey and tracking the Earth's magnetic field.",Fish
How do sea turtles return to the same beach where they hatched to lay their eggs?,"Sea turtles use Earth's magnetic field, ocean currents, and visual cues to navigate, helping them return to the same beach where they hatched to lay their eggs.",Reptiles
"What is the primary diet of a bengal tiger, and how do they hunt for food?","The primary diet of a Bengal tiger includes various large mammals, such as deer and wild boar. They are solitary hunters that ambush their prey with stealth and power.",Mammals
How do ants manage waste and maintain cleanliness within their colonies?,"Ants manage waste by depositing it in specific chambers or tunnels within their nest. They also practice grooming and hygiene, cleaning themselves and colony members.",Insects
What is the purpose of a blue poison dart frog's bright coloration?,A blue poison dart frog's bright coloration serves as a warning to potential predators that it is toxic. It deters predators from attempting to eat them.,Amphibians
"How do cephalopods, like octopuses and squids, change the color and pattern of their skin?",Cephalopods change the color and pattern of their skin by expanding or contracting specialized pigment-filled cells called chromatophores. This allows them to camouflage and communicate.,Marine Life
"What is the primary diet of a bobcat, and how do they hunt for food?","The primary diet of a bobcat includes small mammals, birds, and rodents. They are stealthy hunters that rely on ambush tactics and a keen sense of smell and vision.",Mammals
"How do ants navigate to and from their nest, even when foraging far from home?","Ants use a combination of visual landmarks, pheromone trails, and the angle of the sun to navigate to and from their nest, even when foraging far from home.",Insects
What is the purpose of a hammerhead shark's unique head shape?,"The hammerhead shark's unique head shape, or cephalofoil, is thought to enhance sensory capabilities, including detecting prey and tracking the Earth's magnetic field.",Fish
How do sea turtles return to the same beach where they hatched to lay their eggs?,"Sea turtles use Earth's magnetic field, ocean currents, and visual cues to navigate, helping them return to the same beach where they hatched to lay their eggs.",Reptiles
What is an online game?,"An online game is a video game that can be played over the internet, either with other players or solo, often in a virtual multiplayer environment.",Online Games
How do I get started with online gaming?,"To start online gaming, choose a game, create an account, install any required software, and connect to the internet. You can then join or create games and interact with other players.",Online Games
What types of online games are there?,"Online games come in various genres, including role-playing games (RPGs), first-person shooters (FPS), strategy games, massively multiplayer online (MMO) games, and more.",Online Games
Are online games free to play?,"Many online games offer free-to-play options, but some may have upfront costs or in-game purchases. It depends on the game's business model.",Online Games
What are microtransactions in online games?,"Microtransactions are small in-game purchases that allow players to buy virtual items, cosmetics, or currency using real money, often found in free-to-play games.",Online Games
How can I stay safe while playing online games?,"To stay safe, avoid sharing personal information, use strong and unique passwords, enable two-factor authentication, and be cautious of scams and phishing attempts.",Online Games
"What is ""gaming etiquette"" in online gaming?","Gaming etiquette, or ""gaming etiquette,"" refers to respectful behavior while playing online games, including not using offensive language, cheating, or trolling other players.",Online Games
What is lag in online games?,"Lag refers to delays or latency in online games, often caused by a slow internet connection or server issues, resulting in delayed actions or responses.",Online Games
How do I choose the right gaming platform for online gaming?,"Choose a gaming platform based on your preferences, including PC, console, or mobile. Consider factors like game selection, performance, and your budget.",Online Games
What are gaming clans or guilds in online games?,"Gaming clans or guilds are organized groups of players who team up and play together in online games, often sharing common goals and strategies.",Online Games
How do I find online gaming communities?,"You can find online gaming communities on platforms like Reddit, Discord, and official game forums. Joining social media groups and attending gaming events is another way to connect.",Online Games
What is esports in online gaming?,"Esports refers to competitive gaming at a professional level, often with organized tournaments, teams, and significant prize pools.",Online Games
What are gaming peripherals in online gaming?,"Gaming peripherals are specialized hardware devices like gaming mice, keyboards, and controllers designed to enhance the gaming experience.",Online Games
How can I improve my skills in online gaming?,"To improve, practice regularly, watch tutorials, learn from experienced players, and analyze your gameplay. Experiment with different strategies and playstyles.",Online Games
What are the system requirements for online games?,"System requirements vary by game, but typically include specifications for your computer's CPU, GPU, RAM, and available storage space.",Online Games
"What is the concept of ""game balance"" in online gaming?","Game balance refers to the fair distribution of strengths and weaknesses among in-game characters, classes, or factions to ensure competitive and enjoyable gameplay.",Online Games
How do I deal with in-game purchases in online games?,"Set a budget for in-game purchases, avoid spending impulsively, and be mindful of the value you receive from virtual items or currency.",Online Games
"What is ""streaming"" in online gaming?","Streaming in online gaming involves broadcasting your gameplay live over the internet for others to watch, often on platforms like Twitch or YouTube.",Online Games
"What is a ""content creator"" in online gaming?","A content creator in online gaming is someone who produces and shares videos, live streams, or articles related to games, often on platforms like YouTube or Twitch.",Online Games
How can I reduce the risk of addiction to online gaming?,"To reduce the risk of addiction, set time limits for gaming, take regular breaks, prioritize other activities, and seek support if you believe your gaming habits are becoming problematic.",Online Games
"What is ""game development"" in the context of online games?","Game development involves designing, creating, and maintaining online games, including tasks like coding, artwork, game design, and testing.",Online Games
"What is ""game streaming"" in online gaming?","Game streaming refers to playing games hosted on remote servers and streaming the gameplay to your device over the internet, allowing you to play high-end games on lower-end hardware.",Online Games
How do online games handle player progression and leveling up?,"Online games often feature a progression system where players earn experience points (XP) to level up, unlock abilities, and access new content as they play.",Online Games
"What is ""ping optimization"" in online gaming?",Ping optimization involves configuring network settings or using software tools to reduce ping and improve the responsiveness of online gameplay.,Online Games
How do online games address issues of inclusivity and diversity?,"Game developers promote inclusivity and diversity by creating diverse characters, offering customization options, and implementing anti-discrimination policies and reporting systems.",Online Games
"What is the concept of ""cosplay"" in online gaming communities?","Cosplay involves dressing up as characters from online games and is a popular hobby among online gaming enthusiasts, often seen at conventions and events.",Online Games
"What is an ""online game server""?","An online game server is a computer system responsible for hosting and managing multiplayer games, allowing players to connect and interact in the game world.",Online Games
How do online games handle in-game chat and communication?,"Online games offer in-game chat features, allowing players to communicate through text, voice, or emotes, fostering social interaction and teamwork.",Online Games
"What is ""voice over IP (VoIP)"" in online gaming?","Voice over IP (VoIP) technology enables real-time voice communication in online games, allowing players to talk to each other using microphones and headsets.",Online Games
"What is ""multiplatform gaming"" in online games?","Multiplatform gaming enables players on different devices and platforms to play together in the same game, promoting inclusivity and expanding the player base.",Online Games
"What is the concept of ""griefing"" in online gaming?","Griefing involves disruptive or harmful actions by players aimed at frustrating others, such as team-killing, trolling, or sabotaging gameplay for their amusement.",Online Games
How do online games handle character customization?,"Online games often offer extensive character customization options, allowing players to personalize the appearance and traits of their in-game avatars.",Online Games
"What is the ""PvE"" abbreviation used in online gaming?","PvE stands for Player versus Environment, indicating gameplay where players cooperate against computer-controlled enemies, challenges, or objectives.",Online Games
How do online games implement competitive ranking systems?,"Online games use ranking systems to assess player skill and matchmake players with similar rankings, providing balanced and competitive matches.",Online Games
"What are ""mods"" or ""modifications"" in online gaming?","Mods are user-created modifications or add-ons for games, often altering gameplay, graphics, or content. They can enhance, expand, or change the game experience.",Online Games
"What is the concept of ""lag compensation"" in online gaming?","Lag compensation is a mechanism used to mitigate the impact of network lag by adjusting gameplay based on a player's perspective, reducing the effects of latency on in-game actions.",Online Games
How do online games handle in-game chat and communication?,"Online games offer in-game chat features, allowing players to communicate through text, voice, or emotes, fostering social interaction and teamwork.",Online Games
"What is ""voice over IP (VoIP)"" in online gaming?","Voice over IP (VoIP) technology enables real-time voice communication in online games, allowing players to talk to each other using microphones and headsets.",Online Games
"What is ""multiplatform gaming"" in online games?","Multiplatform gaming enables players on different devices and platforms to play together in the same game, promoting inclusivity and expanding the player base.",Online Games
"What is the concept of ""griefing"" in online gaming?","Griefing involves disruptive or harmful actions by players aimed at frustrating others, such as team-killing, trolling, or sabotaging gameplay for their amusement.",Online Games
How do online games handle player progression and leveling up?,"Online games often feature a progression system where players earn experience points (XP) to level up, unlock abilities, and access new content as they play.",Online Games
"What is ""ping optimization"" in online gaming?",Ping optimization involves configuring network settings or using software tools to reduce ping and improve the responsiveness of online gameplay.,Online Games
How do online games address issues of inclusivity and diversity?,"Game developers promote inclusivity and diversity by creating diverse characters, offering customization options, and implementing anti-discrimination policies and reporting systems.",Online Games
"What is the concept of ""game balance"" in online gaming?","Game balance refers to the fair distribution of strengths and weaknesses among in-game characters, classes, or factions to ensure competitive and enjoyable gameplay.",Online Games
"What is ""virtual reality (VR) gaming"" in the online gaming industry?","Virtual reality (VR) gaming immerses players in a simulated 3D environment, allowing them to interact with the game world using VR headsets and controllers.",Online Games
"How do online games implement ""persistence"" in game worlds?","Persistence in online games means that changes made by players, such as building structures or completing quests, are saved and remain part of the game world over time.",Online Games
"What is ""twitch gameplay"" in online gaming?","Twitch gameplay involves fast reflexes, quick decision-making, and precise control inputs, often found in action-oriented and competitive online games.",Online Games
"What is the role of ""beta testing"" in online game development?","Beta testing involves allowing a select group of players to play a game before its official release, identifying bugs, gathering feedback, and making improvements.",Online Games
"What is ""mob"" or ""mobs"" in online gaming terminology?","In online gaming, ""mob"" stands for ""mobile"" or ""monster."" It refers to non-player characters (NPCs) or creatures that players encounter and interact with in the game world.",Online Games
How do online games handle in-game events and special occasions?,"Online games often host in-game events and celebrations, offering unique rewards, challenges, and content during holidays or special occasions.",Online Games
"What is ""AFK"" or ""away from keyboard"" in online gaming?","AFK refers to a player being temporarily inactive or not actively participating in the game, often due to being away from the keyboard or controller.",Online Games
"What is ""re-spawning"" in online gaming?","Re-spawning is the process of a player or character returning to the game world after being defeated or eliminated, allowing them to continue playing.",Online Games
How do online games incorporate elements of strategy and tactics?,"Online games with strategic elements require players to plan and make decisions to achieve objectives, often involving resource management and outsmarting opponents.",Online Games
"What is ""guild wars"" or ""clan wars"" in online gaming?","Guild wars or clan wars are organized battles or competitions between player guilds or clans in online games, often to claim territory, resources, or prestige.",Online Games
"What is ""agro"" or ""aggro"" in online gaming terminology?","Agro or aggro refers to a game mechanic where certain actions or abilities attract the attention of enemies or non-player characters (NPCs), making them the primary target.",Online Games
How do online games handle in-game economies and virtual items trading?,"Online games have in-game economies where players can trade virtual items, currency, or resources, often using auction houses, player markets, or trading interfaces.",Online Games
"What is the role of ""boss battles"" in online gaming?","Boss battles are challenging encounters with powerful enemies or bosses in online games, often requiring strategy, teamwork, and coordination to defeat.",Online Games
"What is the concept of ""sandbox gaming"" in online games?","Sandbox gaming provides players with open-world environments and extensive freedom to explore, create, and shape the game world without strict objectives or linear progression.",Online Games
How do online games address player toxicity and harassment?,"Online games address player toxicity and harassment through reporting systems, penalties, chat moderation, and promoting respectful behavior within the gaming community.",Online Games
"What is ""role-playing"" or ""RP"" in online gaming?","Role-playing in online games involves players assuming the roles of fictional characters and immersing themselves in the game's story, often interacting with others in-character.",Online Games
"What is the concept of ""PvPvE"" in online gaming?","PvPvE stands for Player versus Player versus Environment, indicating gameplay where players engage in both competitive player-versus-player combat and cooperative player-versus-environment challenges.",Online Games
"What are ""hotfixes"" or ""patches"" in online game maintenance?","Hotfixes and patches are updates released by game developers to fix bugs, balance issues, or add new content to online games, ensuring a smooth and enjoyable gaming experience.",Online Games
"What is ""cooperative gameplay"" or ""co-op"" in online gaming?","Cooperative gameplay involves players working together in teams or groups to achieve shared objectives, often requiring coordination and teamwork.",Online Games
How can you get better in maimai?, Get Good Scrub, Maimai